,SalePrice
LotFrontage,0.3349008515405512
LotArea,0.2638433538714051
OverallQual,0.7909816005838053
OverallCond,-0.07785589404867797
YearBuilt,0.5228973328794967
YearRemodAdd,0.5071009671113866
MasVnrArea,0.475241316773666
BsmtFinSF1,0.3864198062421535
BsmtFinSF2,-0.011378121450215146
BsmtUnfSF,0.21447910554696928
TotalBsmtSF,0.6135805515591943
1stFlrSF,0.6058521846919153
2ndFlrSF,0.31933380283206736
LowQualFinSF,-0.02560613000067955
GrLivArea,0.7086244776126515
BsmtFullBath,0.22712223313149427
BsmtHalfBath,-0.01684415429735895
FullBath,0.5606637627484453
HalfBath,0.28410767559478256
BedroomAbvGr,0.16821315430073963
KitchenAbvGr,-0.13590737084214105
TotRmsAbvGrd,0.5337231555820284
Fireplaces,0.46692883675152763
GarageYrBlt,0.47017745374048125
GarageCars,0.6404091972583519
GarageArea,0.6234314389183622
WoodDeckSF,0.32441344456812926
OpenPorchSF,0.31585622711605504
EnclosedPorch,-0.1285779579259566
3SsnPorch,0.04458366533574838
ScreenPorch,0.11144657114291112
PoolArea,0.09240354949187318
MiscVal,-0.021189579640303213
MoSold,0.046432245223819446
YrSold,-0.028922585168736813
SalePrice,1.0
MSSubClass_1-1/2 S all ages,-0.17626585268075698
MSSubClass_1-S 1945 & OLD,-0.23699094423333145
MSSubClass_1-S 1946 & NEW ALL,0.04127978154754927
MSSubClass_1-STORY PUD (Planned Unit Development) - 1946 & NEWER,0.06294383548205998
MSSubClass_2 FAMILY CONVERSION - ALL STYLES AND AGES,-0.09357770607048006
MSSubClass_2-1/2 STORY ALL AGES,0.015264598404934472
MSSubClass_2-STORY PUD - 1946 & NEWER,-0.11304188140989786
MSSubClass_2S 45-46,0.3364886390069023
MSSubClass_DUPLEX - ALL STYLES AND AGES,-0.11465483002228453
MSSubClass_PUD - MULTILEVEL - INCL SPLIT LEV/FOYER,-0.08221508458044859
MSSubClass_SPLIT FOYER,-0.04913652981950298
MSSubClass_SPLIT OR MULTI-LEVEL,-0.028645606731152004
MSZoning_C (all),-0.11125658290808599
MSZoning_FV,0.08994971967036074
MSZoning_RH,-0.06542929310102465
MSZoning_RL,0.24506340389709286
MSZoning_RM,-0.2880651218971258
Street_Grvl,-0.041035535500049486
Street_Pave,0.04103553550004942
Alley_Grvl,-0.13919545817220894
Alley_Pave,-0.027655379955633712
Alley_none,0.12361124617957114
LotShape_IR1,0.22328392470490183
LotShape_IR2,0.12609608820325494
LotShape_IR3,0.03672047549953584
LotShape_Reg,-0.2676717602887935
LandContour_Bnk,-0.10112449060458645
LandContour_HLS,0.12001380186770814
LandContour_Low,0.04552825032749518
LandContour_Lvl,-0.027544579330838505
Utilities_AllPub,0.014314296147248851
Utilities_NoSeWa,-0.014314296147248775
LotConfig_Corner,0.004144823294072493
LotConfig_CulDSac,0.14181753652525775
LotConfig_FR2,-0.006858890782775965
LotConfig_FR3,0.018185562475503302
LotConfig_Inside,-0.08053786914590563
LandSlope_Gtl,-0.051116149337051386
LandSlope_Mod,0.042981159944370684
LandSlope_Sev,0.027997864142057603
Neighborhood_Blmngtn,0.019065649513505433
Neighborhood_Blueste,-0.020250412762982364
Neighborhood_BrDale,-0.10130283618166967
Neighborhood_BrkSide,-0.14364786671580423
Neighborhood_ClearCr,0.055718310532911174
Neighborhood_CollgCr,0.07262599312707735
Neighborhood_Crawfor,0.07115960252664812
Neighborhood_Edwards,-0.17994896448338465
Neighborhood_Gilbert,0.03593962229468401
Neighborhood_IDOTRR,-0.16405585189091743
Neighborhood_MeadowV,-0.1125441547459984
Neighborhood_Mitchel,-0.057845054186763493
Neighborhood_NAmes,-0.18851259699796932
Neighborhood_NPkVill,-0.037909739904049986
Neighborhood_NWAmes,0.023482773020255216
Neighborhood_NoRidge,0.33042362576535794
Neighborhood_NridgHt,0.4021485981752677
Neighborhood_OldTown,-0.1921887988609724
Neighborhood_SWISU,-0.06370549244437915
Neighborhood_Sawyer,-0.12839406550544372
Neighborhood_SawyerW,0.014560153318488735
Neighborhood_Somerst,0.1400579963436251
Neighborhood_StoneBr,0.21536272276938623
Neighborhood_Timber,0.12623630766971297
Neighborhood_Veenker,0.06347063934055396
Condition1_Artery,-0.10640071096805294
Condition1_Feedr,-0.11732867748568138
Condition1_Norm,0.11296832108736445
Condition1_PosA,0.04201689908541696
Condition1_PosN,0.0495411684479438
Condition1_RRAe,-0.04665127135276292
Condition1_RRAn,0.005892711711544368
Condition1_RRNe,0.004583875135268439
Condition1_RRNn,0.023236333124508835
Condition2_Artery,-0.03470793247839596
Condition2_Feedr,-0.04833482100357296
Condition2_Norm,0.030676288435637394
Condition2_PosA,0.04749723328144334
Condition2_PosN,0.04848110233569785
Condition2_RRAe,0.0029929320927850416
Condition2_RRAn,-0.014510444733969162
Condition2_RRNn,-0.03925505561469539
BldgType_1Fam,0.13748324869515283
BldgType_2fmCon,-0.09734830194128397
BldgType_Duplex,-0.11465483002228453
BldgType_Twnhs,-0.09873019861048882
BldgType_TwnhsE,0.003804383453308906
HouseStyle_1.5Fin,-0.16346607100995547
HouseStyle_1.5Unf,-0.08768640584636471
HouseStyle_1Story,-0.061811100535888175
HouseStyle_2.5Fin,0.03652572237598761
HouseStyle_2.5Unf,-0.02585567459562445
HouseStyle_2Story,0.24288002726854338
HouseStyle_SFoyer,-0.09308987468225177
HouseStyle_SLvl,-0.03864543349361012
RoofStyle_Flat,0.016433478287942227
RoofStyle_Gable,-0.224744116213091
RoofStyle_Gambrel,-0.035121434493649226
RoofStyle_Hip,0.2358969186646028
RoofStyle_Mansard,-0.00030831909381732716
RoofStyle_Shed,0.02055710256278189
RoofMatl_ClyTile,-0.00689691261580568
RoofMatl_CompShg,-0.10450516998583911
RoofMatl_Membran,0.01997049884253247
RoofMatl_Metal,-0.00030368281007857925
RoofMatl_Roll,-0.01447912689239193
RoofMatl_Tar&Grv,0.004920811214208656
RoofMatl_WdShake,0.044642917004405626
RoofMatl_WdShngl,0.16932390580208084
Exterior1st_AsbShng,-0.10912582164200836
Exterior1st_AsphShn,-0.02667660203298711
Exterior1st_BrkComm,-0.0512641244105631
Exterior1st_BrkFace,0.03237139069159011
Exterior1st_CBlock,-0.025028294581555425
Exterior1st_CemntBd,0.13349176235033494
Exterior1st_HdBoard,-0.09514764583955196
Exterior1st_ImStucc,0.026728559393402882
Exterior1st_MetalSd,-0.16706804265413447
Exterior1st_Plywood,-0.017719256492840126
Exterior1st_Stone,0.036180551287503165
Exterior1st_Stucco,-0.02980225815683771
Exterior1st_VinylSd,0.3050088024776266
Exterior1st_Wd Sdng,-0.15861908165107294
Exterior1st_WdShing,-0.05131740614311971
Exterior2nd_AsbShng,-0.09922021939101353
Exterior2nd_AsphShn,-0.02452440779344116
Exterior2nd_Brk Cmn,-0.047376909721541585
Exterior2nd_BrkFace,0.024758995691036522
Exterior2nd_CBlock,-0.025028294581555425
Exterior2nd_CmentBd,0.1281831600269245
Exterior2nd_HdBoard,-0.06786360534380842
Exterior2nd_ImStucc,0.07440111895297526
Exterior2nd_MetalSd,-0.16238867058442746
Exterior2nd_Other,0.0455192643397252
Exterior2nd_Plywood,-0.05294086897596908
Exterior2nd_Stone,-0.01675352766894576
Exterior2nd_Stucco,-0.042415692314698446
Exterior2nd_VinylSd,0.30638888087148164
Exterior2nd_Wd Sdng,-0.1618004951731794
Exterior2nd_Wd Shng,-0.040329435645520155
MasVnrType_BrkCmn,-0.0443938636805476
MasVnrType_BrkFace,0.19819120620063868
MasVnrType_None,-0.36745636519324876
MasVnrType_Stone,0.3304756465434122
ExterQual_Ex,0.4511643302227566
ExterQual_Fa,-0.11514885538092047
ExterQual_Gd,0.4524661278447931
ExterQual_TA,-0.5890435234097585
ExterCond_Ex,0.011663132217102022
ExterCond_Fa,-0.13791439943313424
ExterCond_Gd,-0.05046730552645486
ExterCond_Po,-0.03442364705471658
ExterCond_TA,0.105222033981493
Foundation_BrkTil,-0.20411736578270098
Foundation_CBlock,-0.3432629994446493
Foundation_PConc,0.4977337525869374
Foundation_Slab,-0.11974016023647908
Foundation_Stone,-0.012102630775853216
Foundation_Wood,0.0027114775829150052
BsmtQual_Ex,0.5531048470089394
BsmtQual_Fa,-0.1287254112936621
BsmtQual_Gd,0.2348217284540196
BsmtQual_TA,-0.4985446331135728
BsmtCond_Fa,-0.13273855172329832
BsmtCond_Gd,0.08882400808170195
BsmtCond_Po,-0.054528725636624344
BsmtCond_TA,0.02494549544195918
BsmtExposure_Av,0.13679331642095155
BsmtExposure_Gd,0.30729831458669377
BsmtExposure_Mn,0.04349308394088889
BsmtExposure_No,-0.3199897631727146
BsmtFinType1_ALQ,-0.10262077890522281
BsmtFinType1_BLQ,-0.13291383782570157
BsmtFinType1_GLQ,0.43459734688277624
BsmtFinType1_LwQ,-0.084577068527557
BsmtFinType1_Rec,-0.1356666273433355
BsmtFinType1_Unf,-0.13300083026731052
BsmtFinType2_ALQ,0.0419615662843965
BsmtFinType2_BLQ,-0.057102002531656856
BsmtFinType2_GLQ,7.551406179755978e-05
BsmtFinType2_LwQ,-0.03760394773113718
BsmtFinType2_Rec,-0.03949393653165606
BsmtFinType2_Unf,0.055904710882168245
Heating_Floor,-0.03574229301586198
Heating_GasA,0.09252891316304215
Heating_GasW,-0.020102599035433287
Heating_Grav,-0.09233803351104583
Heating_OthW,-0.02573027910672787
Heating_Wall,-0.058622156149098124
HeatingQC_Ex,0.43454323853246873
HeatingQC_Fa,-0.1337575333426305
HeatingQC_Gd,-0.1347224933066348
HeatingQC_Po,-0.03096220140670987
HeatingQC_TA,-0.31267704543518277
CentralAir_N,-0.2513281638401551
CentralAir_Y,0.25132816384015527
Electrical_FuseA,-0.19397792356662327
Electrical_FuseF,-0.12660098635768424
Electrical_FuseP,-0.0477606176949478
Electrical_Mix,-0.03755543121243701
Electrical_SBrkr,0.24235702166420806
KitchenQual_Ex,0.504093675905297
KitchenQual_Fa,-0.15719868628269515
KitchenQual_Gd,0.3216411088189485
KitchenQual_TA,-0.519297853654885
Functional_Maj1,-0.033419953491433486
Functional_Maj2,-0.0702144778822131
Functional_Min1,-0.06405145656743295
Functional_Min2,-0.0713200082049921
Functional_Mod,-0.01607254127138044
Functional_Sev,-0.017116418814682826
Functional_Typ,0.11646204021800413
FireplaceQu_Ex,0.25523853122885876
FireplaceQu_Fa,-0.026085813898165305
FireplaceQu_Gd,0.33932872327044483
FireplaceQu_Po,-0.07591630695525038
FireplaceQu_TA,0.16314664820995167
FireplaceQu_none,-0.4719080685164943
GarageType_2Types,-0.023973760654374017
GarageType_Attchd,0.23219245725423848
GarageType_Basment,-0.029424968522136784
GarageType_BuiltIn,0.23544865016730768
GarageType_CarPort,-0.0703706264869265
GarageType_Detchd,-0.3541407884127035
GarageFinish_Fin,0.41967796781801636
GarageFinish_RFn,0.16979152720952215
GarageFinish_Unf,-0.5139062609657621
GarageQual_Ex,0.03432795990791589
GarageQual_Fa,-0.1331423480721334
GarageQual_Gd,0.04329050472499082
GarageQual_Po,-0.046141701431318224
GarageQual_TA,0.09518121970352987
GarageCond_Ex,-0.0265464294132431
GarageCond_Fa,-0.13077383506503146
GarageCond_Gd,-0.0009829759782898
GarageCond_Po,-0.06329621903329327
GarageCond_TA,0.13598620043305673
PavedDrive_N,-0.2126297825314109
PavedDrive_P,-0.08862292093317292
PavedDrive_Y,0.2319680345104215
PoolQC_Ex,0.14414557754938206
PoolQC_Fa,0.016126572327413203
PoolQC_Gd,0.012038339868790259
PoolQC_no pool,-0.09370812512551775
Fence_GdPrv,-0.0051519417673515765
Fence_GdWo,-0.10004697881045686
Fence_MnPrv,-0.14061316493210477
Fence_MnWw,-0.0511644644139644
Fence_no fence,0.17218394403812146
MiscFeature_Gar2,-0.004743556939191968
MiscFeature_Othr,-0.04053757752493361
MiscFeature_Shed,-0.06977143454737479
MiscFeature_TenC,0.02277262150996653
MiscFeature_none,0.07229811288612324
SaleType_COD,-0.08104671129791087
SaleType_CWD,0.01958806646757452
SaleType_Con,0.04135727608882871
SaleType_ConLD,-0.04179084064107886
SaleType_ConLI,0.014371054765972297
SaleType_ConLw,-0.027475125928901892
SaleType_New,0.35750940508319323
SaleType_Oth,-0.034894994917515264
SaleType_WD,-0.24259751727295026
SaleCondition_Abnorml,-0.1180692306146022
SaleCondition_AdjLand,-0.05068563355867178
SaleCondition_Alloca,-0.015525374015419788
SaleCondition_Family,-0.0464801960323448
SaleCondition_Normal,-0.15398979048536576
SaleCondition_Partial,0.3520598546714349
PriceGroup_Lower Price,-0.4241711080738618
PriceGroup_Middle Price,-0.43513956923183905
PriceGroup_Higher Price,0.7704762590775689
